{"cameraMode":{"drawMode":0,"name":"Shaded","section":"Shading Mode"},"sceneLighting":false,"audioPlay":false,"sceneViewState":{"m_AlwaysRefresh":false,"showFog":true,"showSkybox":false,"showFlares":true,"showImageEffects":true,"showParticleSystems":true,"showVisualEffectGraphs":true,"m_FxEnabled":true},"in2DMode":false,"pivot":{"x":-0.020000003278255464,"y":1.5499999523162842,"z":-0.3700000047683716},"rotation":{"x":0.6745787858963013,"y":-0.00221459474414587,"z":0.002023743698373437,"w":0.7381967902183533},"size":0.4954538941383362,"orthographic":false}